<?xml version="1.0" ?>
<manifest identifier="MANIFEST01" xmlns="http://www.imsglobal.org/xsd/imscp_v1p1" xmlns:imsmd="http://www.imsglobal.org/xsd/imsmd_v1p2" xmlns:xsi="http://www.w3.org/2001/XMLSchema-instance" xsi:schemaLocation="http://www.imsglobal.org/xsd/imscp_v1p1 imscp_v1p1p3.xsd http://www.imsglobal.org/xsd/imsmd_v1p2 imsmd_v1p2p2.xsd">
	<metadata>
		<schema>IMS CONTENT</schema>
		<schemaversion>1.1</schemaversion>
		<imsmd:lom>
			<imsmd:general>
				<imsmd:title>
					<imsmd:langstring xml:lang="en">SQL Server</imsmd:langstring>
				</imsmd:title>
			</imsmd:general>
		</imsmd:lom>
		<userinterface xmlns="MSLRN.xsd">
			<customsyllabusicons>
				<parentnodeexpand href="lgreen.gif"/>
				<parentnodecollapse href="lgreen.gif"/>
				<leafnode href="teoria.gif"/>
			</customsyllabusicons>
		</userinterface>
	</metadata>
	<organizations default="MANIFEST01_ORG1">
		<organization identifier="MANIFEST01_ORG1">
			<item identifier="MANIFEST01_ITEM1" isvisible="1" parameters="">
				<title>Instalación de bases de datos</title>
				<item identifier="MANIFEST01_ITEM11" identifierref="MANIFEST01_RESOURCE11" isvisible="1" parameters="">
					<title>Guía de instalación de Microsoft SQLServer 2000</title>
				</item>
				<item identifier="MANIFEST01_ITEM12" identifierref="MANIFEST01_RESOURCE12" isvisible="1" parameters="">
					<title>Configuración del servicio de SQLServer</title>
				</item>
				<item identifier="MANIFEST01_ITEM13" identifierref="MANIFEST01_RESOURCE13" isvisible="1" parameters="">
					<title>Creación de una base de datos</title>
				</item>
				<item identifier="MANIFEST01_ITEM14" identifierref="MANIFEST01_RESOURCE14" isvisible="1" parameters="">
					<title>Creación de un usuario</title>
				</item>
				<item identifier="MANIFEST01_ITEM15" identifierref="MANIFEST01_RESOURCE15" isvisible="1" parameters="">
					<title>Ejecución de un script en SQL Server</title>
				</item>
			</item>
			<item identifier="MANIFEST01_ITEM2" isvisible="1" parameters="">
				<title>Trabajo con bases de datos</title>
				<item identifier="MANIFEST01_ITEM21" isvisible="1" parameters="">
					<title>Introducción a Transact-SQL</title>
					<item identifier="MANIFEST01_ITEM211" identifierref="MANIFEST01_RESOURCE211" isvisible="1" parameters="">
						<title>Material teórico</title>
					</item>
					<item identifier="MANIFEST01_ITEM212" identifierref="MANIFEST01_RESOURCE212" isvisible="1" parameters="" tipo="ppt">
						<title>Transparencias</title>
					</item>
					<item identifier="MANIFEST01_ITEM213" identifierref="MANIFEST01_RESOURCE213" isvisible="1" parameters="" tipo="pract">
						<title>Práctica A</title>
					</item>
				</item>
				<item identifier="MANIFEST01_ITEM22" identifierref="MANIFEST01_RESOURCE22" isvisible="1" parameters="">
					<title>Uso de las herramientas de consulta de Transact SQL</title>
					<item identifier="MANIFEST01_ITEM221" identifierref="MANIFEST01_RESOURCE221" isvisible="1" parameters="">
						<title>Material teórico</title>
					</item>
					<item identifier="MANIFEST01_ITEM222" identifierref="MANIFEST01_RESOURCE222" isvisible="1" parameters="" tipo="ppt">
						<title>Transparencias</title>
					</item>
					<item identifier="MANIFEST01_ITEM223" identifierref="MANIFEST01_RESOURCE223" isvisible="1" parameters="" tipo="pract">
						<title>Práctica A</title>
					</item>
					<item identifier="MANIFEST01_ITEM224" identifierref="MANIFEST01_RESOURCE224" isvisible="1" parameters="" tipo="zip">
						<title>Ficheros práctica</title>
					</item>
				</item>
				<item identifier="MANIFEST01_ITEM23" identifierref="MANIFEST01_RESOURCE23" isvisible="1" parameters="">
					<title>Creación de tablas</title>
					<item identifier="MANIFEST01_ITEM231" identifierref="MANIFEST01_RESOURCE231" isvisible="1" parameters="">
						<title>Creación de tipos de datos y tablas</title>
						<item identifier="MANIFEST01_ITEM2311" identifierref="MANIFEST01_RESOURCE2311" isvisible="1" parameters="">
							<title>Material teórico</title>
						</item>
						<item identifier="MANIFEST01_ITEM2312" identifierref="MANIFEST01_RESOURCE2312" isvisible="1" parameters="" tipo="ppt">
							<title>Transparencias</title>
						</item>
						<item identifier="MANIFEST01_ITEM2313" identifierref="MANIFEST01_RESOURCE2313" isvisible="1" parameters="" tipo="pract">
							<title>Práctica A</title>
						</item>
						<item identifier="MANIFEST01_ITEM2314" identifierref="MANIFEST01_RESOURCE2314" isvisible="1" parameters="" tipo="zip">
							<title>Ficheros práctica</title>
						</item>
					</item>
					<item identifier="MANIFEST01_ITEM232" identifierref="MANIFEST01_RESOURCE232" isvisible="1" parameters="">
						<title>Implementación de la integridad de datos</title>
						<item identifier="MANIFEST01_ITEM2321" identifierref="MANIFEST01_RESOURCE2321" isvisible="1" parameters="">
							<title>Material teórico</title>
						</item>
						<item identifier="MANIFEST01_ITEM2322" identifierref="MANIFEST01_RESOURCE2322" isvisible="1" parameters="" tipo="ppt">
							<title>Transparencias</title>
						</item>
						<item identifier="MANIFEST01_ITEM2323" identifierref="MANIFEST01_RESOURCE2323" isvisible="1" parameters="" tipo="pract">
							<title>Práctica A</title>
						</item>
						<item identifier="MANIFEST01_ITEM2324" identifierref="MANIFEST01_RESOURCE2324" isvisible="1" parameters="" tipo="zip">
							<title>Ficheros práctica</title>
						</item>
					</item>
				</item>
				<item identifier="MANIFEST01_ITEM24" identifierref="MANIFEST01_RESOURCE24" isvisible="1" parameters="">
					<title>Modificación de datos</title>
					<item identifier="MANIFEST01_ITEM241" identifierref="MANIFEST01_RESOURCE241" isvisible="1" parameters="">
						<title>Material teórico</title>
					</item>
					<item identifier="MANIFEST01_ITEM242" identifierref="MANIFEST01_RESOURCE242" isvisible="1" parameters="" tipo="ppt">
						<title>Transparencias</title>
					</item>
					<item identifier="MANIFEST01_ITEM243" identifierref="MANIFEST01_RESOURCE243" isvisible="1" parameters="" tipo="pract">
						<title>Práctica A</title>
					</item>
					<item identifier="MANIFEST01_ITEM244" identifierref="MANIFEST01_RESOURCE244" isvisible="1" parameters="" tipo="zip">
						<title>Ficheros práctica</title>
					</item>
				</item>
				<item identifier="MANIFEST01_ITEM25" identifierref="MANIFEST01_RESOURCE25" isvisible="1" parameters="">
					<title>Ejecución de consultas</title>
					<item identifier="MANIFEST01_ITEM251" identifierref="MANIFEST01_RESOURCE251" isvisible="1" parameters="">
						<title>Recuperación de datos</title>
						<item identifier="MANIFEST01_ITEM2511" identifierref="MANIFEST01_RESOURCE2511" isvisible="1" parameters="">
							<title>Material teórico</title>
						</item>
						<item identifier="MANIFEST01_ITEM2512" identifierref="MANIFEST01_RESOURCE2512" isvisible="1" parameters="" tipo="ppt">
							<title>Transparencias</title>
						</item>
						<item identifier="MANIFEST01_ITEM2513" identifierref="MANIFEST01_RESOURCE2513" isvisible="1" parameters="" tipo="pract">
							<title>Práctica A</title>
						</item>
						<item identifier="MANIFEST01_ITEM2514" identifierref="MANIFEST01_RESOURCE2514" isvisible="1" parameters="" tipo="zip">
							<title>Ficheros práctica</title>
						</item>
					</item>
					<item identifier="MANIFEST01_ITEM252" identifierref="MANIFEST01_RESOURCE252" isvisible="1" parameters="">
						<title>Procedimientos para agrupar y resumir datos</title>
						<item identifier="MANIFEST01_ITEM2521" identifierref="MANIFEST01_RESOURCE2521" isvisible="1" parameters="">
							<title>Material teórico</title>
						</item>
						<item identifier="MANIFEST01_ITEM2522" identifierref="MANIFEST01_RESOURCE2522" isvisible="1" parameters="" tipo="ppt">
							<title>Transparencias</title>
						</item>
						<item identifier="MANIFEST01_ITEM2523" identifierref="MANIFEST01_RESOURCE2523" isvisible="1" parameters="" tipo="pract">
							<title>Práctica A</title>
						</item>
						<item identifier="MANIFEST01_ITEM2524" identifierref="MANIFEST01_RESOURCE2524" isvisible="1" parameters="" tipo="zip">
							<title>Ficheros práctica</title>
						</item>
					</item>
					<item identifier="MANIFEST01_ITEM253" identifierref="MANIFEST01_RESOURCE253" isvisible="1" parameters="">
						<title>Combinación de varias tablas</title>
						<item identifier="MANIFEST01_ITEM2531" identifierref="MANIFEST01_RESOURCE2531" isvisible="1" parameters="">
							<title>Material teórico</title>
						</item>
						<item identifier="MANIFEST01_ITEM2532" identifierref="MANIFEST01_RESOURCE2532" isvisible="1" parameters="" tipo="ppt">
							<title>Transparencias</title>
						</item>
						<item identifier="MANIFEST01_ITEM2533" identifierref="MANIFEST01_RESOURCE2533" isvisible="1" parameters="" tipo="pract">
							<title>Práctica A</title>
						</item>
						<item identifier="MANIFEST01_ITEM2534" identifierref="MANIFEST01_RESOURCE2534" isvisible="1" parameters="" tipo="zip">
							<title>Ficheros práctica</title>
						</item>
					</item>
					<item identifier="MANIFEST01_ITEM254" identifierref="MANIFEST01_RESOURCE254" isvisible="1" parameters="">
						<title>Trabajo con subconsultas</title>
						<item identifier="MANIFEST01_ITEM2541" identifierref="MANIFEST01_RESOURCE2541" isvisible="1" parameters="">
							<title>Material teórico</title>
						</item>
						<item identifier="MANIFEST01_ITEM2542" identifierref="MANIFEST01_RESOURCE2542" isvisible="1" parameters="" tipo="ppt">
							<title>Transparencias</title>
						</item>
						<item identifier="MANIFEST01_ITEM2543" identifierref="MANIFEST01_RESOURCE2543" isvisible="1" parameters="" tipo="pract">
							<title>Práctica A</title>
						</item>
						<item identifier="MANIFEST01_ITEM2544" identifierref="MANIFEST01_RESOURCE2544" isvisible="1" parameters="" tipo="zip">
							<title>Ficheros práctica</title>
						</item>
					</item>
				</item>
				<item identifier="MANIFEST01_ITEM26" identifierref="MANIFEST01_RESOURCE26" isvisible="1" parameters="">
					<title>Implementación de vistas</title>
					<item identifier="MANIFEST01_ITEM261" identifierref="MANIFEST01_RESOURCE261" isvisible="1" parameters="">
						<title>Material teórico</title>
					</item>
					<item identifier="MANIFEST01_ITEM262" identifierref="MANIFEST01_RESOURCE262" isvisible="1" parameters="" tipo="ppt">
						<title>Transparencias</title>
					</item>
					<item identifier="MANIFEST01_ITEM263" identifierref="MANIFEST01_RESOURCE263" isvisible="1" parameters="" tipo="pract">
						<title>Práctica A</title>
					</item>
					<item identifier="MANIFEST01_ITEM264" identifierref="MANIFEST01_RESOURCE264" isvisible="1" parameters="" tipo="zip">
						<title>Ficheros práctica</title>
					</item>
				</item>
				<item identifier="MANIFEST01_ITEM27" identifierref="MANIFEST01_RESOURCE27" isvisible="1" parameters="">
					<title>Procedimientos almacenados</title>
					<item identifier="MANIFEST01_ITEM271" identifierref="MANIFEST01_RESOURCE271" isvisible="1" parameters="">
						<title>Implementación de procedimientos almacenados</title>
						<item identifier="MANIFEST01_ITEM2711" identifierref="MANIFEST01_RESOURCE2711" isvisible="1" parameters="">
							<title>Material teórico</title>
						</item>
						<item identifier="MANIFEST01_ITEM2712" identifierref="MANIFEST01_RESOURCE2712" isvisible="1" parameters="" tipo="ppt">
							<title>Transparencias</title>
						</item>
						<item identifier="MANIFEST01_ITEM2713" identifierref="MANIFEST01_RESOURCE2713" isvisible="1" parameters="" tipo="pract">
							<title>Práctica A</title>
						</item>
						<item identifier="MANIFEST01_ITEM2714" identifierref="MANIFEST01_RESOURCE2714" isvisible="1" parameters="" tipo="pract">
							<title>Práctica B</title>
						</item>
						<item identifier="MANIFEST01_ITEM2715" identifierref="MANIFEST01_RESOURCE2715" isvisible="1" parameters="" tipo="zip">
							<title>Ficheros práctica</title>
						</item>
					</item>
					<item identifier="MANIFEST01_ITEM272" identifierref="MANIFEST01_RESOURCE272" isvisible="1" parameters="">
						<title>Implementación de funciones definidas por el usuario</title>
						<item identifier="MANIFEST01_ITEM2721" identifierref="MANIFEST01_RESOURCE2721" isvisible="1" parameters="">
							<title>Material teórico</title>
						</item>
						<item identifier="MANIFEST01_ITEM2722" identifierref="MANIFEST01_RESOURCE2722" isvisible="1" parameters="" tipo="ppt">
							<title>Transparencias</title>
						</item>
						<item identifier="MANIFEST01_ITEM2723" identifierref="MANIFEST01_RESOURCE2723" isvisible="1" parameters="" tipo="pract">
							<title>Práctica A</title>
						</item>
						<item identifier="MANIFEST01_ITEM2724" identifierref="MANIFEST01_RESOURCE2724" isvisible="1" parameters="" tipo="zip">
							<title>Ficheros práctica</title>
						</item>
					</item>
					<item identifier="MANIFEST01_ITEM273" identifierref="MANIFEST01_RESOURCE273" isvisible="1" parameters="">
						<title>Implementación de desencadenadores</title>
						<item identifier="MANIFEST01_ITEM2731" identifierref="MANIFEST01_RESOURCE2731" isvisible="1" parameters="">
							<title>Material teórico</title>
						</item>
						<item identifier="MANIFEST01_ITEM2732" identifierref="MANIFEST01_RESOURCE2732" isvisible="1" parameters="" tipo="ppt">
							<title>Transparencias</title>
						</item>
						<item identifier="MANIFEST01_ITEM2733" identifierref="MANIFEST01_RESOURCE2733" isvisible="1" parameters="" tipo="pract">
							<title>Práctica A</title>
						</item>
						<item identifier="MANIFEST01_ITEM2734" identifierref="MANIFEST01_RESOURCE2734" isvisible="1" parameters="" tipo="zip">
							<title>Ficheros práctica</title>
						</item>
					</item>
				</item>
			</item>
			<item identifier="MANIFEST01_ITEM3" identifierref="MANIFEST01_RESOURCE3" isvisible="1" parameters="">
				<title>Administración de bases de datos</title>
				<item identifier="MANIFEST01_ITEM31" isvisible="1" parameters="">
					<title>Realización de tareas administrativas</title>
					<item identifier="MANIFEST01_ITEM311" identifierref="MANIFEST01_RESOURCE311" isvisible="1" parameters="">
						<title>Material teórico</title>
					</item>
					<item identifier="MANIFEST01_ITEM312" identifierref="MANIFEST01_RESOURCE312" isvisible="1" parameters="" tipo="ppt">
						<title>Transparencias</title>
					</item>
					<item identifier="MANIFEST01_ITEM313" identifierref="MANIFEST01_RESOURCE313" isvisible="1" parameters="" tipo="pract">
						<title>Práctica A</title>
					</item>
					<item identifier="MANIFEST01_ITEM314" identifierref="MANIFEST01_RESOURCE314" isvisible="1" parameters="" tipo="pract">
						<title>Práctica B</title>
					</item>
					<item identifier="MANIFEST01_ITEM315" identifierref="MANIFEST01_RESOURCE315" isvisible="1" parameters="" tipo="zip">
						<title>Ficheros práctica</title>
					</item>
				</item>
				<item identifier="MANIFEST01_ITEM32" isvisible="1" parameters="">
					<title>Administración de la seguridad</title>
					<item identifier="MANIFEST01_ITEM321" identifierref="MANIFEST01_RESOURCE321" isvisible="1" parameters="">
						<title>Material teórico</title>
					</item>
					<item identifier="MANIFEST01_ITEM322" identifierref="MANIFEST01_RESOURCE322" isvisible="1" parameters="" tipo="ppt">
						<title>Transparencias</title>
					</item>
				</item>
				<item identifier="MANIFEST01_ITEM33" isvisible="1" parameters="">
					<title>Administración de transacciones y bloqueos</title>
					<item identifier="MANIFEST01_ITEM331" identifierref="MANIFEST01_RESOURCE331" isvisible="1" parameters="">
						<title>Material teórico</title>
					</item>
					<item identifier="MANIFEST01_ITEM332" identifierref="MANIFEST01_RESOURCE332" isvisible="1" parameters="" tipo="ppt">
						<title>Transparencias</title>
					</item>
					<item identifier="MANIFEST01_ITEM333" identifierref="MANIFEST01_RESOURCE333" isvisible="1" parameters="" tipo="pract">
						<title>Práctica A</title>
					</item>
					<item identifier="MANIFEST01_ITEM334" identifierref="MANIFEST01_RESOURCE334" isvisible="1" parameters="" tipo="zip">
						<title>Ficheros práctica</title>
					</item>
				</item>
				<item identifier="MANIFEST01_ITEM34" isvisible="1" parameters="">
					<title>Creación y Administración de Bases de Datos</title>
					<item identifier="MANIFEST01_ITEM341" identifierref="MANIFEST01_RESOURCE341" isvisible="1" parameters="">
						<title>Material teórico</title>
					</item>
					<item identifier="MANIFEST01_ITEM342" identifierref="MANIFEST01_RESOURCE342" isvisible="1" parameters="" tipo="ppt">
						<title>Transparencias</title>
					</item>
					<item identifier="MANIFEST01_ITEM343" identifierref="MANIFEST01_RESOURCE343" isvisible="1" parameters="" tipo="pract">
						<title>Práctica A</title>
					</item>
					<item identifier="MANIFEST01_ITEM344" identifierref="MANIFEST01_RESOURCE344" isvisible="1" parameters="" tipo="zip">
						<title>Ficheros práctica</title>
					</item>
				</item>
				<item identifier="MANIFEST01_ITEM35" isvisible="1" parameters="">
					<title>Administración de Archivos de Bases de Datos</title>
					<item identifier="MANIFEST01_ITEM351" identifierref="MANIFEST01_RESOURCE351" isvisible="1" parameters="">
						<title>Material teórico</title>
					</item>
					<item identifier="MANIFEST01_ITEM352" identifierref="MANIFEST01_RESOURCE352" isvisible="1" parameters="" tipo="ppt">
						<title>Transparencias</title>
					</item>
					<item identifier="MANIFEST01_ITEM353" identifierref="MANIFEST01_RESOURCE353" isvisible="1" parameters="" tipo="pract">
						<title>Práctica A</title>
					</item>
					<item identifier="MANIFEST01_ITEM354" identifierref="MANIFEST01_RESOURCE354" isvisible="1" parameters="" tipo="zip">
						<title>Ficheros práctica</title>
					</item>
				</item>
				<item identifier="MANIFEST01_ITEM36" isvisible="1" parameters="">
					<title>Copias de seguridad y restauración</title>
					<item identifier="MANIFEST01_ITEM361" isvisible="1" parameters="">
						<title>Copia de seguridad de bases de datos</title>
						<item identifier="MANIFEST01_ITEM3611" identifierref="MANIFEST01_RESOURCE3611" isvisible="1" parameters="">
							<title>Material teórico</title>
						</item>
						<item identifier="MANIFEST01_ITEM3612" identifierref="MANIFEST01_RESOURCE3612" isvisible="1" parameters="" tipo="ppt">
							<title>Transparencias</title>
						</item>
						<item identifier="MANIFEST01_ITEM3613" identifierref="MANIFEST01_RESOURCE3613" isvisible="1" parameters="" tipo="pract">
							<title>Práctica A</title>
						</item>
						<item identifier="MANIFEST01_ITEM3614" identifierref="MANIFEST01_RESOURCE3614" isvisible="1" parameters="" tipo="zip">
							<title>Ficheros práctica</title>
						</item>
					</item>
					<item identifier="MANIFEST01_ITEM362" isvisible="1" parameters="">
						<title>Restauración de bases de datos</title>
						<item identifier="MANIFEST01_ITEM3621" identifierref="MANIFEST01_RESOURCE3621" isvisible="1" parameters="">
							<title>Material teórico</title>
						</item>
						<item identifier="MANIFEST01_ITEM3622" identifierref="MANIFEST01_RESOURCE3622" isvisible="1" parameters="" tipo="ppt">
							<title>Transparencias</title>
						</item>
						<item identifier="MANIFEST01_ITEM3623" identifierref="MANIFEST01_RESOURCE3623" isvisible="1" parameters="" tipo="pract">
							<title>Práctica A</title>
						</item>
						<item identifier="MANIFEST01_ITEM3624" identifierref="MANIFEST01_RESOURCE3624" isvisible="1" parameters="" tipo="zip">
							<title>Ficheros práctica</title>
						</item>
					</item>
				</item>
				<item identifier="MANIFEST01_ITEM37" isvisible="1" parameters="">
					<title>Mejora de la eficiencia</title>
					<item identifier="MANIFEST01_ITEM371" isvisible="1" parameters="">
						<title>Supervisión del rendimiento de SQL Server</title>
						<item identifier="MANIFEST01_ITEM3711" identifierref="MANIFEST01_RESOURCE3711" isvisible="1" parameters="">
							<title>Material teórico</title>
						</item>
						<item identifier="MANIFEST01_ITEM3712" identifierref="MANIFEST01_RESOURCE3712" isvisible="1" parameters="" tipo="ppt">
							<title>Transparencias</title>
						</item>
						<item identifier="MANIFEST01_ITEM3713" identifierref="MANIFEST01_RESOURCE3713" isvisible="1" parameters="" tipo="pract">
							<title>Práctica A</title>
						</item>
						<item identifier="MANIFEST01_ITEM3714" identifierref="MANIFEST01_RESOURCE3714" isvisible="1" parameters="" tipo="zip">
							<title>Ficheros práctica</title>
						</item>
					</item>
					<item identifier="MANIFEST01_ITEM372" isvisible="1" parameters="">
						<title>Optimización del rendimiento de las consultas</title>
						<item identifier="MANIFEST01_ITEM3721" identifierref="MANIFEST01_RESOURCE3721" isvisible="1" parameters="">
							<title>Material teórico</title>
						</item>
						<item identifier="MANIFEST01_ITEM3722" identifierref="MANIFEST01_RESOURCE3722" isvisible="1" parameters="" tipo="ppt">
							<title>Transparencias</title>
						</item>
						<item identifier="MANIFEST01_ITEM3723" identifierref="MANIFEST01_RESOURCE3723" isvisible="1" parameters="" tipo="pract">
							<title>Práctica A</title>
						</item>
						<item identifier="MANIFEST01_ITEM3724" identifierref="MANIFEST01_RESOURCE3724" isvisible="1" parameters="" tipo="zip">
							<title>Ficheros práctica</title>
						</item>
					</item>
					<item identifier="MANIFEST01_ITEM373" isvisible="1" parameters="">
						<title>Análisis de consultas</title>
						<item identifier="MANIFEST01_ITEM3731" identifierref="MANIFEST01_RESOURCE3731" isvisible="1" parameters="">
							<title>Material teórico</title>
						</item>
						<item identifier="MANIFEST01_ITEM3732" identifierref="MANIFEST01_RESOURCE3732" isvisible="1" parameters="" tipo="ppt">
							<title>Transparencias</title>
						</item>
						<item identifier="MANIFEST01_ITEM3733" identifierref="MANIFEST01_RESOURCE3733" isvisible="1" parameters="" tipo="pract">
							<title>Práctica A</title>
						</item>
						<item identifier="MANIFEST01_ITEM3734" identifierref="MANIFEST01_RESOURCE3734" isvisible="1" parameters="" tipo="pract">
							<title>Práctica B</title>
						</item>
						<item identifier="MANIFEST01_ITEM3735" identifierref="MANIFEST01_RESOURCE3735" isvisible="1" parameters="" tipo="zip">
							<title>Ficheros práctica</title>
						</item>
					</item>
					<item identifier="MANIFEST01_ITEM374" isvisible="1" parameters="">
						<title>Diseño de índices</title>
						<item identifier="MANIFEST01_ITEM3741" identifierref="MANIFEST01_RESOURCE3741" isvisible="1" parameters="">
							<title>Material teórico</title>
						</item>
						<item identifier="MANIFEST01_ITEM3742" identifierref="MANIFEST01_RESOURCE3742" isvisible="1" parameters="" tipo="ppt">
							<title>Transparencias</title>
						</item>
						<item identifier="MANIFEST01_ITEM3743" identifierref="MANIFEST01_RESOURCE3743" isvisible="1" parameters="" tipo="pract">
							<title>Práctica A</title>
						</item>
						<item identifier="MANIFEST01_ITEM3744" identifierref="MANIFEST01_RESOURCE3744" isvisible="1" parameters="" tipo="zip">
							<title>Ficheros práctica</title>
						</item>
					</item>
					<item identifier="MANIFEST01_ITEM375" isvisible="1" parameters="">
						<title>Creación y mantenimiento de índices</title>
						<item identifier="MANIFEST01_ITEM3751" identifierref="MANIFEST01_RESOURCE3751" isvisible="1" parameters="">
							<title>Material teórico</title>
						</item>
						<item identifier="MANIFEST01_ITEM3752" identifierref="MANIFEST01_RESOURCE3752" isvisible="1" parameters="" tipo="ppt">
							<title>Transparencias</title>
						</item>
						<item identifier="MANIFEST01_ITEM3753" identifierref="MANIFEST01_RESOURCE3753" isvisible="1" parameters="" tipo="pract">
							<title>Práctica A</title>
						</item>
						<item identifier="MANIFEST01_ITEM3754" identifierref="MANIFEST01_RESOURCE3754" isvisible="1" parameters="" tipo="pract">
							<title>Práctica B</title>
						</item>
						<item identifier="MANIFEST01_ITEM3755" identifierref="MANIFEST01_RESOURCE3755" isvisible="1" parameters="" tipo="zip">
							<title>Ficheros práctica</title>
						</item>
					</item>
				</item>
			</item>
		</organization>
	</organizations>
	<resources>
		<resource identifier="MANIFEST01_RESOURCE11" type="webcontent" href="Instalacion de BD\guiainst.pdf">
			<file href="Instalacion de BD\guiainst.pdf" />
		</resource>
		<resource identifier="MANIFEST01_RESOURCE12" type="webcontent" href="Instalacion de BD\confserv.pdf">
			<file href="Instalacion de BD\confserv.pdf" />
		</resource>
		<resource identifier="MANIFEST01_RESOURCE13" type="webcontent" href="Instalacion de BD\creabd.pdf">
			<file href="Instalacion de BD\creabd.pdf" />
		</resource>
		<resource identifier="MANIFEST01_RESOURCE14" type="webcontent" href="Instalacion de BD\creausr.pdf">
			<file href="Instalacion de BD\creausr.pdf" />
		</resource>
		<resource identifier="MANIFEST01_RESOURCE15" type="webcontent" href="Instalacion de BD\execscript.pdf">
			<file href="Instalacion de BD\execscript.pdf" />
		</resource>

		<resource identifier="MANIFEST01_RESOURCE211" type="webcontent" href="Trabajo con BD\1.- Introduccion a Transact-SQL.pdf">
			<file href="Trabajo con BD\1.- Introduccion a Transact-SQL.pdf" />
		</resource>
		<resource identifier="MANIFEST01_RESOURCE212" type="webcontent" href="Trabajo con BD\1.- Introduccion a Transact-SQL.ppt">
			<file href="Trabajo con BD\1.- Introduccion a Transact-SQL.ppt" />
		</resource>
		<resource identifier="MANIFEST01_RESOURCE213" type="webcontent" href="Trabajo con BD\1.- Practica A.pdf">
			<file href="Trabajo con BD\1.- Practica A.pdf" />
		</resource>

		<resource identifier="MANIFEST01_RESOURCE221" type="webcontent" href="Trabajo con BD\2.- Uso de las herramientas de consulta.pdf">
			<file href="Trabajo con BD\2.- Uso de las herramientas de consulta.pdf" />
		</resource>
		<resource identifier="MANIFEST01_RESOURCE222" type="webcontent" href="Trabajo con BD\2.- Uso de las herramientas de consulta.ppt">
			<file href="Trabajo con BD\2.- Uso de las herramientas de consulta.ppt" />
		</resource>
		<resource identifier="MANIFEST01_RESOURCE223" type="webcontent" href="Trabajo con BD\2.- Practica A.pdf">
			<file href="Trabajo con BD\2.- Practica A.pdf" />
		</resource>
		<resource identifier="MANIFEST01_RESOURCE224" type="webcontent" href="Trabajo con BD\lab02.zip">
			<file href="Trabajo con BD\lab02.zip" />
		</resource>

		<resource identifier="MANIFEST01_RESOURCE2311" type="webcontent" href="Trabajo con BD\3.1.- Creacion de tipos de datos.pdf">
			<file href="Trabajo con BD\3.1.- Creacion de tipos de datos.pdf" />
		</resource>
		<resource identifier="MANIFEST01_RESOURCE2312" type="webcontent" href="Trabajo con BD\3.1.- Creacion de tipos de datos.ppt">
			<file href="Trabajo con BD\3.1.- Creacion de tipos de datos.ppt" />
		</resource>
		<resource identifier="MANIFEST01_RESOURCE2313" type="webcontent" href="Trabajo con BD\3.1.- Practica A.pdf">
			<file href="Trabajo con BD\3.1.- Practica A.pdf" />
		</resource>
		<resource identifier="MANIFEST01_RESOURCE2314" type="webcontent" href="Trabajo con BD\lab031.zip">
			<file href="Trabajo con BD\lab031.zip" />
		</resource>

		<resource identifier="MANIFEST01_RESOURCE2321" type="webcontent" href="Trabajo con BD\3.2.- Integridad de datos.pdf">
			<file href="Trabajo con BD\3.2.- Integridad de datos.pdf" />
		</resource>
		<resource identifier="MANIFEST01_RESOURCE2322" type="webcontent" href="Trabajo con BD\3.2.- Integridad de datos.ppt">
			<file href="Trabajo con BD\3.2.- Integridad de datos.ppt" />
		</resource>
		<resource identifier="MANIFEST01_RESOURCE2323" type="webcontent" href="Trabajo con BD\3.2.- Practica A.pdf">
			<file href="Trabajo con BD\3.2.- Practica A.pdf" />
		</resource>
		<resource identifier="MANIFEST01_RESOURCE2324" type="webcontent" href="Trabajo con BD\lab032.zip">
			<file href="Trabajo con BD\lab032.zip" />
		</resource>

		<resource identifier="MANIFEST01_RESOURCE241" type="webcontent" href="Trabajo con BD\4.- Modificacion de datos.pdf">
			<file href="Trabajo con BD\4.- Modificacion de datos.pdf" />
		</resource>
		<resource identifier="MANIFEST01_RESOURCE242" type="webcontent" href="Trabajo con BD\4.- Modificacion de datos.ppt">
			<file href="Trabajo con BD\4.- Modificacion de datos.ppt" />
		</resource>
		<resource identifier="MANIFEST01_RESOURCE243" type="webcontent" href="Trabajo con BD\4.- Practica A.pdf">
			<file href="Trabajo con BD\4.- Practica A.pdf" />
		</resource>
		<resource identifier="MANIFEST01_RESOURCE244" type="webcontent" href="Trabajo con BD\lab04.zip">
			<file href="Trabajo con BD\lab04.zip" />
		</resource>

		<resource identifier="MANIFEST01_RESOURCE2511" type="webcontent" href="Trabajo con BD\5.1.- Recuperacion de datos.pdf">
			<file href="Trabajo con BD\5.1.- Recuperacion de datos.pdf" />
		</resource>
		<resource identifier="MANIFEST01_RESOURCE2512" type="webcontent" href="Trabajo con BD\5.1.- Recuperacion de datos.ppt">
			<file href="Trabajo con BD\5.1.- Recuperacion de datos.ppt" />
		</resource>
		<resource identifier="MANIFEST01_RESOURCE2513" type="webcontent" href="Trabajo con BD\5.1.- Practica A.pdf">
			<file href="Trabajo con BD\5.1.- Practica A.pdf" />
		</resource>
		<resource identifier="MANIFEST01_RESOURCE2514" type="webcontent" href="Trabajo con BD\lab051.zip">
			<file href="Trabajo con BD\lab051.zip" />
		</resource>

		<resource identifier="MANIFEST01_RESOURCE2521" type="webcontent" href="Trabajo con BD\5.2.- Agrupar y resumir datos.pdf">
			<file href="Trabajo con BD\5.2.- Agrupar y resumir datos.pdf" />
		</resource>
		<resource identifier="MANIFEST01_RESOURCE2522" type="webcontent" href="Trabajo con BD\5.2.- Agrupar y resumir datos.ppt">
			<file href="Trabajo con BD\5.2.- Agrupar y resumir datos.ppt" />
		</resource>
		<resource identifier="MANIFEST01_RESOURCE2523" type="webcontent" href="Trabajo con BD\5.2.- Practica A.pdf">
			<file href="Trabajo con BD\5.2.- Practica A.pdf" />
		</resource>
		<resource identifier="MANIFEST01_RESOURCE2524" type="webcontent" href="Trabajo con BD\lab052.zip">
			<file href="Trabajo con BD\lab052.zip" />
		</resource>

		<resource identifier="MANIFEST01_RESOURCE2531" type="webcontent" href="Trabajo con BD\5.3.- Combinacion de varias tablas.pdf">
			<file href="Trabajo con BD\5.3.- Combinacion de varias tablas.pdf" />
		</resource>
		<resource identifier="MANIFEST01_RESOURCE2532" type="webcontent" href="Trabajo con BD\5.3.- Combinacion de varias tablas.ppt">
			<file href="Trabajo con BD\5.3.- Combinacion de varias tablas.ppt" />
		</resource>
		<resource identifier="MANIFEST01_RESOURCE2533" type="webcontent" href="Trabajo con BD\5.3.- Practica A.pdf">
			<file href="Trabajo con BD\5.3.- Practica A.pdf" />
		</resource>
		<resource identifier="MANIFEST01_RESOURCE2534" type="webcontent" href="Trabajo con BD\lab053.zip">
			<file href="Trabajo con BD\lab053.zip" />
		</resource>

		<resource identifier="MANIFEST01_RESOURCE2541" type="webcontent" href="Trabajo con BD\5.4.- Subconsultas.pdf">
			<file href="Trabajo con BD\5.4.- Subconsultas.pdf" />
		</resource>
		<resource identifier="MANIFEST01_RESOURCE2542" type="webcontent" href="Trabajo con BD\5.4.- Subconsultas.ppt">
			<file href="Trabajo con BD\5.4.- Subconsultas.ppt" />
		</resource>
		<resource identifier="MANIFEST01_RESOURCE2543" type="webcontent" href="Trabajo con BD\5.4.- Practica A.pdf">
			<file href="Trabajo con BD\5.4.- Practica A.pdf" />
		</resource>
		<resource identifier="MANIFEST01_RESOURCE2544" type="webcontent" href="Trabajo con BD\lab054.zip">
			<file href="Trabajo con BD\lab054.zip" />
		</resource>

		<resource identifier="MANIFEST01_RESOURCE261" type="webcontent" href="Trabajo con BD\6.- Implementacion de vistas.pdf">
			<file href="Trabajo con BD\6.- Implementacion de vistas.pdf" />
		</resource>
		<resource identifier="MANIFEST01_RESOURCE262" type="webcontent" href="Trabajo con BD\6.- Implementacion de vistas.ppt">
			<file href="Trabajo con BD\6.- Implementacion de vistas.ppt" />
		</resource>
		<resource identifier="MANIFEST01_RESOURCE263" type="webcontent" href="Trabajo con BD\6.- Practica A.pdf">
			<file href="Trabajo con BD\6.- Practica A.pdf" />
		</resource>
		<resource identifier="MANIFEST01_RESOURCE264" type="webcontent" href="Trabajo con BD\lab06.zip">
			<file href="Trabajo con BD\lab06.zip" />
		</resource>

		<resource identifier="MANIFEST01_RESOURCE2711" type="webcontent" href="Trabajo con BD\7.1.- Procedimientos almacenados.pdf">
			<file href="Trabajo con BD\7.1.- Procedimientos almacenados.pdf" />
		</resource>
		<resource identifier="MANIFEST01_RESOURCE2712" type="webcontent" href="Trabajo con BD\7.1.- Procedimientos almacenados.ppt">
			<file href="Trabajo con BD\7.1.- Procedimientos almacenados.ppt" />
		</resource>
		<resource identifier="MANIFEST01_RESOURCE2713" type="webcontent" href="Trabajo con BD\7.1.- Practica A.pdf">
			<file href="Trabajo con BD\7.1.- Practica A.pdf" />
		</resource>
		<resource identifier="MANIFEST01_RESOURCE2714" type="webcontent" href="Trabajo con BD\7.1.- Practica B.pdf">
			<file href="Trabajo con BD\7.1.- Practica B.pdf" />
		</resource>
		<resource identifier="MANIFEST01_RESOURCE2715" type="webcontent" href="Trabajo con BD\lab071.zip">
			<file href="Trabajo con BD\lab071.zip" />
		</resource>

		<resource identifier="MANIFEST01_RESOURCE2721" type="webcontent" href="Trabajo con BD\7.2.- Funciones.pdf">
			<file href="Trabajo con BD\7.2.- Funciones.pdf" />
		</resource>
		<resource identifier="MANIFEST01_RESOURCE2722" type="webcontent" href="Trabajo con BD\7.2.- Funciones.ppt">
			<file href="Trabajo con BD\7.2.- Funciones.ppt" />
		</resource>
		<resource identifier="MANIFEST01_RESOURCE2723" type="webcontent" href="Trabajo con BD\7.2.- Practica A.pdf">
			<file href="Trabajo con BD\7.2.- Practica A.pdf" />
		</resource>
		<resource identifier="MANIFEST01_RESOURCE2724" type="webcontent" href="Trabajo con BD\lab072.zip">
			<file href="Trabajo con BD\lab072.zip" />
		</resource>

		<resource identifier="MANIFEST01_RESOURCE2731" type="webcontent" href="Trabajo con BD\7.3.- Desencadenadores.pdf">
			<file href="Trabajo con BD\7.3.- Desencadenadores.pdf" />
		</resource>
		<resource identifier="MANIFEST01_RESOURCE2732" type="webcontent" href="Trabajo con BD\7.3.- Desencadenadores.ppt">
			<file href="Trabajo con BD\7.3.- Desencadenadores.ppt" />
		</resource>
		<resource identifier="MANIFEST01_RESOURCE2733" type="webcontent" href="Trabajo con BD\7.3.- Practica A.pdf">
			<file href="Trabajo con BD\7.3.- Practica A.pdf" />
		</resource>
		<resource identifier="MANIFEST01_RESOURCE2734" type="webcontent" href="Trabajo con BD\lab073.zip">
			<file href="Trabajo con BD\lab073.zip" />
		</resource>

		<resource identifier="MANIFEST01_RESOURCE311" type="webcontent" href="Administracion de BD\1.- Realizacion de tareas administrativas.pdf">
			<file href="Administracion de BD\1.- Realizacion de tareas administrativas.pdf" />
		</resource>
		<resource identifier="MANIFEST01_RESOURCE312" type="webcontent" href="Administracion de BD\1.- Realizacion de tareas administrativas.ppt">
			<file href="Administracion de BD\1.- Realizacion de tareas administrativas.ppt" />
		</resource>
		<resource identifier="MANIFEST01_RESOURCE313" type="webcontent" href="Administracion de BD\1.- Practica A.pdf">
			<file href="Administracion de BD\1.- Practica A.pdf" />
		</resource>
		<resource identifier="MANIFEST01_RESOURCE314" type="webcontent" href="Administracion de BD\1.- Practica B.pdf">
			<file href="Administracion de BD\1.- Practica B.pdf" />
		</resource>
		<resource identifier="MANIFEST01_RESOURCE315" type="webcontent" href="Administracion de BD\lab01.zip">
			<file href="Administracion de BD\lab01.zip" />
		</resource>

		<resource identifier="MANIFEST01_RESOURCE321" type="webcontent" href="Administracion de BD\2.- Administracion de la seguridad.pdf">
			<file href="Administracion de BD\2.- Administracion de la seguridad.pdf" />
		</resource>
		<resource identifier="MANIFEST01_RESOURCE322" type="webcontent" href="Administracion de BD\2.- Administracion de la seguridad.ppt">
			<file href="Administracion de BD\2.- Administracion de la seguridad.ppt" />
		</resource>

		<resource identifier="MANIFEST01_RESOURCE331" type="webcontent" href="Administracion de BD\3.- Administracion de transacciones.pdf">
			<file href="Administracion de BD\3.- Administracion de transacciones.pdf" />
		</resource>
		<resource identifier="MANIFEST01_RESOURCE332" type="webcontent" href="Administracion de BD\3.- Administracion de transacciones.ppt">
			<file href="Administracion de BD\3.- Administracion de transacciones.ppt" />
		</resource>
		<resource identifier="MANIFEST01_RESOURCE333" type="webcontent" href="Administracion de BD\3.- Practica A.pdf">
			<file href="Administracion de BD\3.- Practica A.pdf" />
		</resource>
		<resource identifier="MANIFEST01_RESOURCE334" type="webcontent" href="Administracion de BD\lab03.zip">
			<file href="Administracion de BD\lab03.zip" />
		</resource>

		<resource identifier="MANIFEST01_RESOURCE341" type="webcontent" href="Administracion de BD\4.- Creacion y Administracion de BD.pdf">
			<file href="Administracion de BD\4.- Creacion y Administracion de BD.pdf" />
		</resource>
		<resource identifier="MANIFEST01_RESOURCE342" type="webcontent" href="Administracion de BD\4.- Creacion y Administracion de BD.ppt">
			<file href="Administracion de BD\4.- Creacion y Administracion de BD.ppt" />
		</resource>
		<resource identifier="MANIFEST01_RESOURCE343" type="webcontent" href="Administracion de BD\4.- Practica A.pdf">
			<file href="Administracion de BD\4.- Practica A.pdf" />
		</resource>
		<resource identifier="MANIFEST01_RESOURCE344" type="webcontent" href="Administracion de BD\lab04.zip">
			<file href="Administracion de BD\lab04.zip" />
		</resource>
 
 		<resource identifier="MANIFEST01_RESOURCE351" type="webcontent" href="Administracion de BD\5.- Administracion de Archivos de BD.pdf">
			<file href="Administracion de BD\5.- Administracion de Archivos de BD.pdf" />
		</resource>
		<resource identifier="MANIFEST01_RESOURCE352" type="webcontent" href="Administracion de BD\5.- Administracion de Archivos de BD.ppt">
			<file href="Administracion de BD\5.- Administracion de Archivos de BD.ppt" />
		</resource>
		<resource identifier="MANIFEST01_RESOURCE353" type="webcontent" href="Administracion de BD\5.- Practica A.pdf">
			<file href="Administracion de BD\5.- Practica A.pdf" />
		</resource>
		<resource identifier="MANIFEST01_RESOURCE354" type="webcontent" href="Administracion de BD\lab05.zip">
			<file href="Administracion de BD\lab05.zip" />
		</resource>

		<resource identifier="MANIFEST01_RESOURCE3611" type="webcontent" href="Administracion de BD\6.1.- Copia de seguridad de BD.pdf">
			<file href="Administracion de BD\6.1.- Copia de seguridad de BD.pdf" />
		</resource>
		<resource identifier="MANIFEST01_RESOURCE3612" type="webcontent" href="Administracion de BD\6.1.- Copia de seguridad de BD.ppt">
			<file href="Administracion de BD\6.1.- Copia de seguridad de BD.ppt" />
		</resource>
		<resource identifier="MANIFEST01_RESOURCE3613" type="webcontent" href="Administracion de BD\6.1.- Practica A.pdf">
			<file href="Administracion de BD\6.1.- Practica A.pdf" />
		</resource>
		<resource identifier="MANIFEST01_RESOURCE3614" type="webcontent" href="Administracion de BD\lab061.zip">
			<file href="Administracion de BD\lab061.zip" />
		</resource>

		<resource identifier="MANIFEST01_RESOURCE3621" type="webcontent" href="Administracion de BD\6.2.- Restauracion de BD.pdf">
			<file href="Administracion de BD\6.2.- Restauracion de BD.pdf" />
		</resource>
		<resource identifier="MANIFEST01_RESOURCE3622" type="webcontent" href="Administracion de BD\6.2.- Restauracion de BD.ppt">
			<file href="Administracion de BD\6.2.- Restauracion de BD.ppt" />
		</resource>
		<resource identifier="MANIFEST01_RESOURCE3623" type="webcontent" href="Administracion de BD\6.2.- Practica A.pdf">
			<file href="Administracion de BD\6.2.- Practica A.pdf" />
		</resource>
		<resource identifier="MANIFEST01_RESOURCE3624" type="webcontent" href="Administracion de BD\lab062.zip">
			<file href="Administracion de BD\lab062.zip" />
		</resource>

		<resource identifier="MANIFEST01_RESOURCE3711" type="webcontent" href="Administracion de BD\7.1.- Supervision del rendimiento.pdf">
			<file href="Administracion de BD\7.1.- Supervision del rendimiento.pdf" />
		</resource>
		<resource identifier="MANIFEST01_RESOURCE3712" type="webcontent" href="Administracion de BD\7.1.- Supervision del rendimiento.ppt">
			<file href="Administracion de BD\7.1.- Supervision del rendimiento.ppt" />
		</resource>
		<resource identifier="MANIFEST01_RESOURCE3713" type="webcontent" href="Administracion de BD\7.1.- Practica A.pdf">
			<file href="Administracion de BD\7.1.- Practica A.pdf" />
		</resource>
		<resource identifier="MANIFEST01_RESOURCE3714" type="webcontent" href="Administracion de BD\lab071.zip">
			<file href="Administracion de BD\lab071.zip" />
		</resource>

		<resource identifier="MANIFEST01_RESOURCE3721" type="webcontent" href="Administracion de BD\7.2.- Optimizacion del rendimiento.pdf">
			<file href="Administracion de BD\7.2.- Optimizacion del rendimiento.pdf" />
		</resource>
		<resource identifier="MANIFEST01_RESOURCE3722" type="webcontent" href="Administracion de BD\7.2.- Optimizacion del rendimiento.ppt">
			<file href="Administracion de BD\7.2.- Optimizacion del rendimiento.ppt" />
		</resource>
		<resource identifier="MANIFEST01_RESOURCE3723" type="webcontent" href="Administracion de BD\7.2.- Practica A.pdf">
			<file href="Administracion de BD\7.2.- Practica A.pdf" />
		</resource>
		<resource identifier="MANIFEST01_RESOURCE3724" type="webcontent" href="Administracion de BD\lab072.zip">
			<file href="Administracion de BD\lab072.zip" />
		</resource>

		<resource identifier="MANIFEST01_RESOURCE3731" type="webcontent" href="Administracion de BD\7.3.- Analisis de consultas.pdf">
			<file href="Administracion de BD\7.3.- Analisis de consultas.pdf" />
		</resource>
		<resource identifier="MANIFEST01_RESOURCE3732" type="webcontent" href="Administracion de BD\7.3.- Analisis de consultas.ppt">
			<file href="Administracion de BD\7.3.- Analisis de consultas.ppt" />
		</resource>
		<resource identifier="MANIFEST01_RESOURCE3733" type="webcontent" href="Administracion de BD\7.3.- Practica A.pdf">
			<file href="Administracion de BD\7.3.- Practica A.pdf" />
		</resource>
		<resource identifier="MANIFEST01_RESOURCE3734" type="webcontent" href="Administracion de BD\7.3.- Practica B.pdf">
			<file href="Administracion de BD\7.3.- Practica B.pdf" />
		</resource>
		<resource identifier="MANIFEST01_RESOURCE3735" type="webcontent" href="Administracion de BD\lab073.zip">
			<file href="Administracion de BD\lab073.zip" />
		</resource>

		<resource identifier="MANIFEST01_RESOURCE3741" type="webcontent" href="Administracion de BD\7.4.- Diseño de indices.pdf">
			<file href="Administracion de BD\7.4.- Diseño de indices.pdf" />
		</resource>
		<resource identifier="MANIFEST01_RESOURCE3742" type="webcontent" href="Administracion de BD\7.4.- Diseño de indices.ppt">
			<file href="Administracion de BD\7.4.- Diseño de indices.ppt" />
		</resource>
		<resource identifier="MANIFEST01_RESOURCE3743" type="webcontent" href="Administracion de BD\7.4.- Practica A.pdf">
			<file href="Administracion de BD\7.4.- Practica A.pdf" />
		</resource>
		<resource identifier="MANIFEST01_RESOURCE3744" type="webcontent" href="Administracion de BD\lab074.zip">
			<file href="Administracion de BD\lab074.zip" />
		</resource>

		<resource identifier="MANIFEST01_RESOURCE3751" type="webcontent" href="Administracion de BD\7.5.- Creacion de indices.pdf">
			<file href="Administracion de BD\7.5.- Creacion de indices.pdf" />
		</resource>
		<resource identifier="MANIFEST01_RESOURCE3752" type="webcontent" href="Administracion de BD\7.5.- Creacion de indices.ppt">
			<file href="Administracion de BD\7.5.- Creacion de indices.ppt" />
		</resource>
		<resource identifier="MANIFEST01_RESOURCE3753" type="webcontent" href="Administracion de BD\7.5.- Practica A.pdf">
			<file href="Administracion de BD\7.5.- Practica A.pdf" />
		</resource>
		<resource identifier="MANIFEST01_RESOURCE3754" type="webcontent" href="Administracion de BD\7.5.- Practica B.pdf">
			<file href="Administracion de BD\7.5.- Practica B.pdf" />
		</resource>
		<resource identifier="MANIFEST01_RESOURCE3755" type="webcontent" href="Administracion de BD\lab075.zip">
			<file href="Administracion de BD\lab075.zip" />
		</resource>
	</resources>
</manifest>
